{"cameraMode":{"drawMode":0,"name":"Shaded","section":"Shading Mode"},"sceneLighting":true,"audioPlay":false,"sceneViewState":{"m_AlwaysRefresh":false,"showFog":true,"showSkybox":true,"showFlares":true,"showImageEffects":true,"showParticleSystems":true,"showVisualEffectGraphs":true,"m_FxEnabled":true},"in2DMode":false,"pivot":{"x":-52.04374694824219,"y":-17.179370880126954,"z":1.3729915618896485},"rotation":{"x":-0.10955340415239334,"y":0.6952894926071167,"z":-0.10850541293621063,"w":-0.7019983530044556},"size":28.766578674316408,"orthographic":false}